<?xml version="1.0" encoding="UTF-8" ?>
<!DOCTYPE mapper
  PUBLIC "-//mybatis.org//DTD Mapper 3.0//EN"
  "http://mybatis.org/dtd/mybatis-3-mapper.dtd">
<mapper namespace="org.tufcookie.board.mapper.BoardMapper">
	
	<sql id="search">
		<where>
			<if test="arr != null">
				<foreach collection="arr" index="key" item="val" separator="OR" open="(" close=")">
					<if test="val == 't'.toString">
					title like concat('%', #{keyword}, '%')
					</if>
					<if test="val == 'c'.toString">
					content like concat('%', #{keyword}, '%')
					</if>
					<if test="val == 'w'.toString">
					writer like concat('%', #{keyword}, '%')
					</if>
				</foreach>
			</if>
		</where>
	</sql>
	
	<select id="getList" resultType="org.tufcookie.board.domain.Board">
	select * from tbl_board
	<include refid="search"></include>
	order by bno desc limit #{skip},#{perSheet}
	</select>
	
	<select id="getTotalCount" resultType="Integer">
	select count(bno) from tbl_board
	<include refid="search"></include>
	</select>
	
	<insert id="insert">
	insert into tbl_board (title, content, writer) values(#{title}, #{content}, #{writer})
	</insert>
	
	<select id="selectOne" resultType="org.tufcookie.board.domain.Board">
	select * from tbl_board where bno = #{bno}
	</select>
	
	<update id="update">
	update tbl_board set title = #{title}, content = #{content}, updatedate = now() where bno = #{bno}
	</update>
	
	<delete id="delete">
	delete from tbl_board where bno = #{bno}
	</delete>

</mapper>