<?xml version="1.0" encoding="UTF-8"?>
<beans xmlns="http://www.springframework.org/schema/beans"
	xmlns:xsi="http://www.w3.org/2001/XMLSchema-instance"
	xmlns:context="http://www.springframework.org/schema/context"
	xsi:schemaLocation="http://www.springframework.org/schema/beans https://www.springframework.org/schema/beans/spring-beans.xsd
	http://www.springframework.org/schema/context http://www.springframework.org/schema/context/spring-context-4.3.xsd">
	
	<context:annotation-config></context:annotation-config>
	<context:component-scan base-package="org.zerock.service">
	</context:component-scan>
	
	<!-- Root Context: defines shared resources visible to all other web components -->
	<bean id="menu1" class="org.zerock.domain.Menu">
		<constructor-arg name="name" value="빅맥" index="0"></constructor-arg>
		<constructor-arg name="price" value="5000" index="1"></constructor-arg>	
	</bean>
	
	<bean id="menu2" class="org.zerock.domain.Menu">
		<constructor-arg name="name" value="콜라" index="0"></constructor-arg>
		<constructor-arg name="price" value="2000" index="1"></constructor-arg>	
	</bean>
	
	<bean id="m1" class="org.zerock.service.MenuServiceImpl">
	<constructor-arg>
		<list>
			<ref bean="menu1"/>
			<ref bean="menu2"/>
		</list>
	</constructor-arg>
	</bean>
	
	<bean id="mui" class="org.zerock.ui.MenuUI">
		<property name="service" ref="m1"></property>
	</bean>
		
</beans>
